{"0": {"lower_bound": 0.05, "lower_accuracy": 0.9720350404312669, "upper_bound": 0.9790000000000002, "upper_accuracy": 0.9451881044596951}, "1": {"lower_bound": 0.05, "lower_accuracy": 0.5104419333846063, "upper_bound": 0.9750000000000002, "upper_accuracy": 0.9891682785299807}, "2": {"lower_bound": 0.05, "lower_accuracy": 0.9902364451691806, "upper_bound": 0.9720000000000002, "upper_accuracy": 0.9445178335535006}}