{
    "0": {
        "lower_bound": 0.05,
        "lower_accuracy": 0.9560085836909872,
        "upper_bound": 0.998,
        "upper_accuracy": 0.9267007938274353
    },
    "1": {
        "lower_bound": 0.2870000000000002,
        "lower_accuracy": 0.5374345399090752,
        "upper_bound": 0.999,
        "upper_accuracy": 0.96875
    },
    "2": {
        "lower_bound": 0.05,
        "lower_accuracy": 0.9788821873743466,
        "upper_bound": 0.899,
        "upper_accuracy": 0.9814814814814815
    }
}