{
    "0": {
        "lower_bound": 0.05,
        "lower_accuracy": 0.8719143794234421,
        "upper_bound": 0.9490000000000002,
        "upper_accuracy": 0.9838977288181695
    },
    "1": {
        "lower_bound": 0.05,
        "lower_accuracy": 0.5816912335143523,
        "upper_bound": 0.9480000000000002,
        "upper_accuracy": 0.9505512148132291
    },
    "2": {
        "lower_bound": 0.053000000000000005,
        "lower_accuracy": 0.9964552793468566,
        "upper_bound": 0.9490000000000002,
        "upper_accuracy": 0.8707983193277311
    }
}