{"0": {"lower_bound": 0.053000000000000005, "lower_accuracy": 0.945260347129506, "upper_bound": 0.9790000000000002, "upper_accuracy": 0.9748362120309708}, "1": {"lower_bound": 0.05, "lower_accuracy": 0.527654609101517, "upper_bound": 0.9740000000000002, "upper_accuracy": 0.999213217938631}, "2": {"lower_bound": 0.05, "lower_accuracy": 0.9966753108584347, "upper_bound": 0.9390000000000002, "upper_accuracy": 0.8628571428571429}}