{"0": {"lower_bound": 0.05, "lower_accuracy": 0.9273570324574961, "upper_bound": 0.9790000000000002, "upper_accuracy": 0.9850019033117625}, "1": {"lower_bound": 0.051000000000000004, "lower_accuracy": 0.6527719883284702, "upper_bound": 0.9730000000000002, "upper_accuracy": 0.9997329773030708}, "2": {"lower_bound": 0.05800000000000001, "lower_accuracy": 0.9959144103593934, "upper_bound": 0.9770000000000002, "upper_accuracy": 0.8679867986798679}}