{
    "0": {
        "lower_bound": 0.05,
        "lower_accuracy": 0.9560085836909872,
        "upper_bound": 0.9790000000000002,
        "upper_accuracy": 0.9078672787979967
    },
    "1": {
        "lower_bound": 0.2870000000000002,
        "lower_accuracy": 0.5374345399090752,
        "upper_bound": 0.990000000000002,
        "upper_accuracy": 0.926021303991572
    },
    "2": {
        "lower_bound": 0.05,
        "lower_accuracy": 0.9788821873743466,
        "upper_bound": 0.8990000000000001,
        "upper_accuracy": 0.9814814814814815
    }
}