{
    "0": {
        "lower_bound": 0.05900000000000001,
        "lower_accuracy": 0.9659224441833137,
        "upper_bound": 0.9580000000000001,
        "upper_accuracy": 0.9516787779133294
    },
    "1": {
        "lower_bound": 0.051000000000000004,
        "lower_accuracy": 0.4737609329446064,
        "upper_bound": 0.9580000000000001,
        "upper_accuracy": 0.9888761028001535
    },
    "2": {
        "lower_bound": 0.051000000000000004,
        "lower_accuracy": 0.9944919553558487,
        "upper_bound": 0.936,
        "upper_accuracy": 0.8909657320872274
    }
}