{"0": {"lower_bound": 0.05, "lower_accuracy": 0.9374853113983549, "upper_bound": 0.9490000000000002, "upper_accuracy": 0.9693417721518988}, "1": {"lower_bound": 0.05, "lower_accuracy": 0.7072657072657073, "upper_bound": 0.9470000000000002, "upper_accuracy": 0.9351137487636004}, "2": {"lower_bound": 0.05, "lower_accuracy": 0.9970285471718137, "upper_bound": 0.9490000000000002, "upper_accuracy": 0.863905325443787}}