{"0": {"lower_bound": 0.05, "lower_accuracy": 0.9359422034918724, "upper_bound": 0.9490000000000002, "upper_accuracy": 0.9699972125788714}, "1": {"lower_bound": 0.05, "lower_accuracy": 0.6955938814065452, "upper_bound": 0.9480000000000002, "upper_accuracy": 0.9351410409217322}, "2": {"lower_bound": 0.05, "lower_accuracy": 0.9970053475935828, "upper_bound": 0.9490000000000002, "upper_accuracy": 0.8756154998929565}}