{"model_name": "multiscale", "batch_size": 20, "training_epochs": 40, "learning_rate": 0.01, "training_image_size": 224, "back_bone": "resnet", "remark": null, "data_augmentation": {"random_resized_crop": "scale=(0.5, 0.75, 1, 1.5, 2.0)"}, "val_scales": [0.75, 1, 1.25], "training_accuracy": [0.41584081802931094, 0.3137244906217333, 0.25929157874946085, 0.2327683036259952, 0.21897377543860957, 0.20440802007677064, 0.1894276568311311, 0.18820609586195103, 0.17876211701641007, 0.17531211313510697, 0.16663283588630812, 0.1604187380234223, 0.1647632819496923, 0.16001367518707874, 0.1541131416350485, 0.15053058188733837, 0.1502513944925297, 0.14817592915561464, 0.14597956536130774, 0.13996729584750794, 0.14173499306309081, 0.13823063906636976, 0.1383753254019197, 0.13699226343767748, 0.13420926633897046, 0.13300888858262508, 0.1320408991877995, 0.12868388693794489, 0.1267228338771337, 0.12672056433271675, 0.12511627339122314, 0.1234058330855554, 0.12534488662929524, 0.12296553533376446, 0.1218669903871145, 0.12261650455184281, 0.11737767246270937, 0.11632672068293369, 0.11773081044001239, 0.1193681268468647], "best_validation_mIOU": 0.6331885755920047}