{
    "model_name": "multiscale",
    "batch_size": 20,
    "training_epochs": 40,
    "learning_rate": 0.01,
    "training_image_size": 224,
    "back_bone": "resnet",
    "remark": null,
    "data_augmentation": {
        "random_resized_crop": "scale=(0.5, 0.75, 1, 1.5, 2.0)"
    },
    "val_scales": [
        0.75,
        1,
        1.25
    ],
    "training_accuracy": [
        0.41584081802931094,
        0.3137244906217333,
        0.25929157874946085,
        0.2327683036259952,
        0.21897377543860957,
        0.20440802007677064,
        0.1894276568311311,
        0.18820609586195103,
        0.17876211701641007,
        0.17531211313510697,
        0.16663283588630812,
        0.1604187380234223,
        0.1647632819496923,
        0.16001367518707874,
        0.1541131416350485,
        0.15053058188733837,
        0.1502513944925297,
        0.14817592915561464,
        0.14597956536130774,
        0.13996729584750794,
        0.14173499306309081,
        0.13823063906636976,
        0.1383753254019197,
        0.13699226343767748,
        0.13420926633897046,
        0.13300888858262508,
        0.1320408991877995,
        0.12868388693794489,
        0.1267228338771337,
        0.12672056433271675,
        0.12511627339122314,
        0.1234058330855554,
        0.12534488662929524,
        0.12296553533376446,
        0.1218669903871145,
        0.12261650455184281,
        0.11737767246270937,
        0.11632672068293369,
        0.11773081044001239,
        0.1193681268468647
    ],
    "best_validation_mIOU": 0.6331885755920047
}
{
    "model_name": "test_adl",
    "batch_size": 20,
    "training_epochs": 36,
    "learning_rate": 0.01,
    "training_image_size": 224,
    "back_bone": "resnet",
    "remark": null,
    "scales": [
        1,
        1.25,
        1.5,
        1.75,
        2
    ],
    "data_augmentation": {
        "random_resized_crop": "scale=(0.5, 1)"
    },
    "training_accuracy": [
        0.5929563492063492,
        0.6777777777777778,
        0.7284722222222222,
        0.7611111111111111,
        0.7695436507936508,
        0.7866071428571428,
        0.7983134920634921,
        0.8055555555555556,
        0.8175595238095238,
        0.816765873015873,
        0.8232142857142857,
        0.8256944444444444,
        0.8283730158730159,
        0.8360119047619048,
        0.8321428571428572,
        0.8386904761904762,
        0.8410714285714286,
        0.8444444444444444,
        0.8472222222222222,
        0.8518849206349206,
        0.8482142857142857,
        0.8490079365079365,
        0.8517857142857143,
        0.8527777777777777,
        0.8561507936507936,
        0.8593253968253968,
        0.8591269841269841,
        0.8646825396825397,
        0.8572420634920634,
        0.8645833333333334,
        0.866170634920635,
        0.8693452380952381,
        0.8686507936507937,
        0.8741071428571429,
        0.8715277777777778,
        0.8719246031746032
    ],
    "best_validation_mIOU": 0.758513141985497
}{"model_name": "test_adl", "batch_size": 20, "training_epochs": 36, "learning_rate": 0.01, "training_image_size": 224, "back_bone": "resnet", "remark": null, "scales": [1, 1.25, 1.5, 1.75, 2], "data_augmentation": {"random_resized_crop": "scale=(0.5, 1)"}, "training_accuracy": [0.6189484126984127, 0.7058531746031746, 0.7395833333333334, 0.7720238095238096, 0.781547619047619, 0.7931547619047619, 0.804265873015873, 0.8112103174603175, 0.8169642857142857, 0.8173611111111111, 0.8236111111111111, 0.8308531746031746, 0.8374007936507937, 0.8335317460317461, 0.8402777777777778, 0.8393849206349207, 0.8443452380952381, 0.8435515873015873, 0.8450396825396825, 0.8491071428571428, 0.8511904761904762, 0.854563492063492, 0.8575396825396825, 0.8544642857142857, 0.8642857142857143, 0.8658730158730159, 0.8593253968253968, 0.8589285714285714, 0.8683531746031746, 0.8672619047619048, 0.8669642857142857, 0.872718253968254, 0.8693452380952381, 0.8688492063492064, 0.8783730158730159, 0.8780753968253968], "best_validation_mIOU": 0.7683308245075242}{"model_name": "test_adl", "batch_size": 20, "training_epochs": 36, "learning_rate": 0.01, "training_image_size": 224, "back_bone": "resnet", "remark": null, "scales": [1, 1.25, 1.5, 1.75, 2], "data_augmentation": {"random_resized_crop": "scale=(0.5, 1)"}, "training_accuracy": [0.5846230158730159, 0.6675595238095238, 0.7211309523809524, 0.7575396825396825, 0.7725198412698413, 0.7871031746031746, 0.7983134920634921, 0.8018849206349207, 0.8087301587301587, 0.8228174603174603, 0.8249007936507936, 0.8196428571428571, 0.8258928571428571, 0.8333333333333334, 0.8315476190476191, 0.8392857142857143, 0.8387896825396826, 0.8427579365079365, 0.8451388888888889, 0.8508928571428571, 0.852579365079365, 0.8536706349206349, 0.8549603174603174, 0.8558531746031746, 0.8546626984126984, 0.8678571428571429, 0.8608134920634921, 0.8639880952380953, 0.862202380952381, 0.8662698412698413, 0.8740079365079365, 0.8698412698412699, 0.8741071428571429, 0.8745039682539683, 0.8717261904761905, 0.8770833333333333], "best_validation_mIOU": 0.7590687839296772}{"model_name": "test_adl", "batch_size": 20, "training_epochs": 36, "learning_rate": 0.01, "training_image_size": 224, "back_bone": "resnet", "remark": null, "scales": [1, 1.25, 1.5, 1.75, 2], "data_augmentation": {"random_resized_crop": "scale=(0.5, 1)"}, "training_accuracy": [0.5776785714285714, 0.6610119047619047, 0.7107142857142857, 0.7380952380952381, 0.7667658730158731, 0.7867063492063492, 0.7904761904761904, 0.7971230158730159, 0.8091269841269841, 0.8160714285714286, 0.8186507936507936, 0.8244047619047619, 0.8326388888888889, 0.8300595238095239, 0.8362103174603175, 0.8361111111111111, 0.8367063492063492, 0.8410714285714286, 0.8500992063492063, 0.8445436507936508, 0.8513888888888889, 0.8485119047619047, 0.8536706349206349, 0.8537698412698412, 0.85625, 0.8596230158730159, 0.8569444444444444, 0.8632936507936508, 0.8627976190476191, 0.861904761904762, 0.8659722222222223, 0.8663690476190476, 0.875, 0.8693452380952381, 0.8696428571428572, 0.8718253968253968], "best_validation_mIOU": 0.7576254849291026}
{"model_name": "multiscale", "batch_size": 20, "training_epochs": 40, "learning_rate": 0.01, "training_image_size": 224, "back_bone": "resnet", "remark": null, "data_augmentation": {"random_resized_crop": "scale=(0.5, 0.75, 1, 1.5, 2.0)"}, "val_scales": [0.75, 1, 1.25], "training_accuracy": [0.41584081802931094, 0.3137244906217333, 0.25929157874946085, 0.2327683036259952, 0.21897377543860957, 0.20440802007677064, 0.1894276568311311, 0.18820609586195103, 0.17876211701641007, 0.17531211313510697, 0.16663283588630812, 0.1604187380234223, 0.1647632819496923, 0.16001367518707874, 0.1541131416350485, 0.15053058188733837, 0.1502513944925297, 0.14817592915561464, 0.14597956536130774, 0.13996729584750794, 0.14173499306309081, 0.13823063906636976, 0.1383753254019197, 0.13699226343767748, 0.13420926633897046, 0.13300888858262508, 0.1320408991877995, 0.12868388693794489, 0.1267228338771337, 0.12672056433271675, 0.12511627339122314, 0.1234058330855554, 0.12534488662929524, 0.12296553533376446, 0.1218669903871145, 0.12261650455184281, 0.11737767246270937, 0.11632672068293369, 0.11773081044001239, 0.1193681268468647], "best_validation_mIOU": 0.6331885755920047}{"model_name": "newnorm", "batch_size": 20, "training_epochs": 36, "learning_rate": 0.01, "training_image_size": 224, "back_bone": "resnet", "remark": null, "data_augmentation": {"random_resized_crop": "scale=(0.5, 1)"}, "val_scales": [0.75, 1, 1.25],