{"model_name": "multiscale", "batch_size": 20, "training_epochs": 40, "learning_rate": 0.01, "training_image_size": 224, "back_bone": "resnet", "remark": null, "data_augmentation": {"random_resized_crop": "scale=(0.5, 0.75, 1, 1.5, 2.0)"}, "val_scales": [0.75, 1, 1.25], "training_accuracy": [0.41584081802931094, 0.3137244906217333, 0.25929157874946085, 0.2327683036259952, 0.21897377543860957, 0.20440802007677064, 0.1894276568311311, 0.18820609586195103, 0.17876211701641007, 0.17531211313510697, 0.16663283588630812, 0.1604187380234223, 0.1647632819496923, 0.16001367518707874, 0.1541131416350485, 0.15053058188733837, 0.1502513944925297, 0.14817592915561464, 0.14597956536130774, 0.13996729584750794, 0.14173499306309081, 0.13823063906636976, 0.1383753254019197, 0.13699226343767748, 0.13420926633897046, 0.13300888858262508, 0.1320408991877995, 0.12868388693794489, 0.1267228338771337, 0.12672056433271675, 0.12511627339122314, 0.1234058330855554, 0.12534488662929524, 0.12296553533376446, 0.1218669903871145, 0.12261650455184281, 0.11737767246270937, 0.11632672068293369, 0.11773081044001239, 0.1193681268468647], "best_validation_mIOU": 0.6331885755920047}{"model_name": "newnorm", "batch_size": 20, "training_epochs": 36, "learning_rate": 0.01, "training_image_size": 224, "back_bone": "resnet", "remark": null, "data_augmentation": {"random_resized_crop": "scale=(0.5, 1)"}, "val_scales": [0.75, 1, 1.25], "training_accuracy": [0.6356150793650793, 0.719047619047619, 0.7544642857142857, 0.7768849206349207, 0.7863095238095238, 0.8034722222222223, 0.807936507936508, 0.8162698412698413, 0.8201388888888889, 0.8282738095238096, 0.8291666666666667, 0.8335317460317461, 0.839484126984127, 0.8438492063492063, 0.8448412698412698, 0.8474206349206349, 0.8489087301587301, 0.851984126984127, 0.8546626984126984, 0.85625, 0.8543650793650793, 0.8570436507936507, 0.8640873015873016, 0.8591269841269841, 0.868452380952381, 0.8676587301587302, 0.8693452380952381, 0.8701388888888889, 0.8700396825396826, 0.8751984126984127, 0.8748015873015873, 0.875297619047619, 0.8779761904761905, 0.8776785714285714, 0.8798611111111111, 0.8796626984126984], "best_validation_mIOU": 0.714193568657202}{"model_name": "cutmixnew", "batch_size": 20, "training_epochs": 36, "learning_rate": 0.01, "training_image_size": 224, "back_bone": "resnet", "remark": null, "data_augmentation": {"random_resized_crop": "scale=(0.5, 1)"}, "val_scales": [1, 1.25, 1.5, 1.75, 2], "training_accuracy": [0.6302579365079365, 0.6591269841269841, 0.6603174603174603, 0.6742063492063493, 0.6750992063492064, 0.6968253968253968, 0.6999007936507936, 0.7120039682539683, 0.7179563492063492, 0.729563492063492, 0.7350198412698413, 0.7427579365079365, 0.7479166666666667, 0.7526785714285714, 0.7634920634920634, 0.7753968253968254, 0.7720238095238096, 0.770734126984127, 0.7883928571428571, 0.7936507936507936, 0.7952380952380952, 0.7926587301587301, 0.794345238095238, 0.8043650793650794, 0.7975198412698413, 0.7989087301587302, 0.805952380952381, 0.8203373015873016, 0.8112103174603175, 0.807936507936508, 0.8099206349206349, 0.8178571428571428, 0.8196428571428571, 0.817063492063492, 0.8216269841269841, 0.8227182539682539], "best_validation_mIOU": 0.7106550770561565}